{
  "v": 1,
  "w": {
    "cost": 0.8,
    "perf": 0.1,
    "risk": 0.1
  },
  "h": [
    {
      "v": 2,
      "ts": "2026-01-12T01:10:15.885179",
      "cause": "OOM Failure on JOB-979A",
      "weights": {
        "cost": 0.05000000000000002,
        "perf": 0.27499999999999997,
        "risk": 0.675
      },
      "delta": {
        "cost": -0.75,
        "perf": 0.17499999999999996,
        "risk": 0.5750000000000001
      }
    }
  ]
}