{
  "v": 2,
  "w": {
    "cost": 0.043478260869565216,
    "perf": 0.47826086956521735,
    "risk": 0.47826086956521735
  },
  "h": [
    {
      "v": 2,
      "ts": "2026-01-11T11:07:09.019117",
      "cause": "OOM on JOB-F005 (Req: 80GB, Has: 16GB)",
      "delta": {
        "cost": -0.8565217391304348,
        "perf": 0.42826086956521736,
        "risk": 0.42826086956521736
      },
      "new_weights": {
        "cost": 0.043478260869565216,
        "perf": 0.47826086956521735,
        "risk": 0.47826086956521735
      }
    }
  ]
}